--
-- Create MODULES
--
INSERT INTO BLC_ADMIN_MODULE (ADMIN_MODULE_ID, NAME, MODULE_KEY, ICON, DISPLAY_ORDER) VALUES (-1,'商品管理','BLCMerchandising', 'icon-barcode', 100);
INSERT INTO BLC_ADMIN_MODULE (ADMIN_MODULE_ID, NAME, MODULE_KEY, ICON, DISPLAY_ORDER) VALUES (-8,'订价管理','BLCPricing', 'icon-money', 150);
INSERT INTO BLC_ADMIN_MODULE (ADMIN_MODULE_ID, NAME, MODULE_KEY, ICON, DISPLAY_ORDER) VALUES (-2,'内容管理','BLCContentManagement', 'icon-file', 200);
INSERT INTO BLC_ADMIN_MODULE (ADMIN_MODULE_ID, NAME, MODULE_KEY, ICON, DISPLAY_ORDER) VALUES (-9,'库存管理','BLCInventory', 'icon-inbox', 250);
INSERT INTO BLC_ADMIN_MODULE (ADMIN_MODULE_ID, NAME, MODULE_KEY, ICON, DISPLAY_ORDER) VALUES (-6,'内容设计','BLCDesign', 'icon-picture', 400);
INSERT INTO BLC_ADMIN_MODULE (ADMIN_MODULE_ID, NAME, MODULE_KEY, ICON, DISPLAY_ORDER) VALUES (-7,'站点更新','BLCWorkflow', 'icon-refresh', 500);
INSERT INTO BLC_ADMIN_MODULE (ADMIN_MODULE_ID, NAME, MODULE_KEY, ICON, DISPLAY_ORDER) VALUES (-3,'客户服务','BLCCustomerCare', 'icon-heart', 550);
INSERT INTO BLC_ADMIN_MODULE (ADMIN_MODULE_ID, NAME, MODULE_KEY, ICON, DISPLAY_ORDER) VALUES (-4,'安全管理','BLCOpenAdmin', 'icon-user', 600);
INSERT INTO BLC_ADMIN_MODULE (ADMIN_MODULE_ID, NAME, MODULE_KEY, ICON, DISPLAY_ORDER) VALUES (-5,'系统设置','BLCModuleConfiguration', 'icon-gear', 700);

--
-- Create SECTIONS
--
INSERT INTO BLC_ADMIN_SECTION (ADMIN_SECTION_ID, DISPLAY_ORDER, ADMIN_MODULE_ID, NAME, SECTION_KEY, URL, CEILING_ENTITY) VALUES (-1, 1000, -1, '分类', 'Category', '/category', 'com.wakacommerce.core.catalog.domain.Category');
INSERT INTO BLC_ADMIN_SECTION (ADMIN_SECTION_ID, DISPLAY_ORDER, ADMIN_MODULE_ID, NAME, SECTION_KEY, URL, CEILING_ENTITY) VALUES (-2, 2000, -1, '商品', 'Product', '/product', 'com.wakacommerce.core.catalog.domain.Product');
INSERT INTO BLC_ADMIN_SECTION (ADMIN_SECTION_ID, DISPLAY_ORDER, ADMIN_MODULE_ID, NAME, SECTION_KEY, URL, CEILING_ENTITY) VALUES (-3, 3000, -1, '选项', 'ProductOptions', '/product-options', 'com.wakacommerce.core.catalog.domain.ProductOption');
INSERT INTO BLC_ADMIN_SECTION (ADMIN_SECTION_ID, DISPLAY_ORDER, ADMIN_MODULE_ID, NAME, SECTION_KEY, URL, CEILING_ENTITY) VALUES (-4, 1000, -8, '促销', 'Offer', '/offer', 'com.wakacommerce.core.offer.domain.Offer');
INSERT INTO BLC_ADMIN_SECTION (ADMIN_SECTION_ID, DISPLAY_ORDER, ADMIN_MODULE_ID, NAME, SECTION_KEY, URL, CEILING_ENTITY) VALUES (-5, 1000, -2, '页面', 'Pages', '/pages', 'com.wakacommerce.cms.page.domain.Page');
INSERT INTO BLC_ADMIN_SECTION (ADMIN_SECTION_ID, DISPLAY_ORDER, ADMIN_MODULE_ID, NAME, SECTION_KEY, URL, CEILING_ENTITY) VALUES (-7, 2000, -2, '格式化内容', 'StructuredContent', '/structured-content', 'com.wakacommerce.cms.structure.domain.StructuredContent');
INSERT INTO BLC_ADMIN_SECTION (ADMIN_SECTION_ID, DISPLAY_ORDER, ADMIN_MODULE_ID, NAME, SECTION_KEY, URL, CEILING_ENTITY) VALUES (-6, 3000, -2, '资源', 'Assets', '/assets', 'com.wakacommerce.cms.file.domain.StaticAsset');
INSERT INTO BLC_ADMIN_SECTION (ADMIN_SECTION_ID, DISPLAY_ORDER, ADMIN_MODULE_ID, NAME, SECTION_KEY, URL, CEILING_ENTITY) VALUES (-8, 4000, -2, 'URL重定向', 'RedirectURL', '/redirect-url', 'com.wakacommerce.cms.url.domain.URLHandler');
INSERT INTO BLC_ADMIN_SECTION (ADMIN_SECTION_ID, DISPLAY_ORDER, ADMIN_MODULE_ID, NAME, SECTION_KEY, URL, CEILING_ENTITY) VALUES (-9, 2000, -3, '订单', 'Order', '/order', 'com.wakacommerce.core.order.domain.Order');
INSERT INTO BLC_ADMIN_SECTION (ADMIN_SECTION_ID, DISPLAY_ORDER, ADMIN_MODULE_ID, NAME, SECTION_KEY, URL, CEILING_ENTITY) VALUES (-10, 1000, -3,'客户', 'Customer', '/customer', 'com.wakacommerce.profile.core.domain.Customer');
INSERT INTO BLC_ADMIN_SECTION (ADMIN_SECTION_ID, DISPLAY_ORDER, ADMIN_MODULE_ID, NAME, SECTION_KEY, URL, CEILING_ENTITY) VALUES (-11, 1000, -4, '管理员账户', 'UserManagement', '/user-management', 'com.wakacommerce.openadmin.server.security.domain.AdminUser');
INSERT INTO BLC_ADMIN_SECTION (ADMIN_SECTION_ID, DISPLAY_ORDER, ADMIN_MODULE_ID, NAME, SECTION_KEY, URL, CEILING_ENTITY) VALUES (-12, 2000, -4, '管理员角色', 'RoleManagement', '/role-management', 'com.wakacommerce.openadmin.server.security.domain.AdminRole');
INSERT INTO BLC_ADMIN_SECTION (ADMIN_SECTION_ID, DISPLAY_ORDER, ADMIN_MODULE_ID, NAME, SECTION_KEY, URL, CEILING_ENTITY) VALUES (-13, 1000, -5, '模块配置', 'ConfigurationManagement', '/configuration-management', 'com.wakacommerce.common.config.domain.ModuleConfiguration');
INSERT INTO BLC_ADMIN_SECTION (ADMIN_SECTION_ID, DISPLAY_ORDER, ADMIN_MODULE_ID, NAME, SECTION_KEY, URL, CEILING_ENTITY) VALUES (-16, 2000, -5, '系统属性', 'SystemProperties', '/system-properties', 'com.wakacommerce.common.config.domain.SystemProperty');
INSERT INTO BLC_ADMIN_SECTION (ADMIN_SECTION_ID, DISPLAY_ORDER, ADMIN_MODULE_ID, NAME, SECTION_KEY, URL, CEILING_ENTITY) VALUES (-14, 2000, -5, '数据字典', 'Enumerations', '/enumerations', 'com.wakacommerce.common.enumeration.domain.DataDrivenEnumeration');
INSERT INTO BLC_ADMIN_SECTION (ADMIN_SECTION_ID, DISPLAY_ORDER, ADMIN_MODULE_ID, NAME, SECTION_KEY, URL, CEILING_ENTITY) VALUES (-17, 3000, -4, '权限管理', 'PermissionManagement', '/permission-management', 'com.wakacommerce.openadmin.server.security.domain.AdminPermission');

-- Category
INSERT INTO BLC_ADMIN_SEC_PERM_XREF (ADMIN_SECTION_ID, ADMIN_PERMISSION_ID) VALUES (-1,-100);
INSERT INTO BLC_ADMIN_SEC_PERM_XREF (ADMIN_SECTION_ID, ADMIN_PERMISSION_ID) VALUES (-1,-101);

-- Product
INSERT INTO BLC_ADMIN_SEC_PERM_XREF (ADMIN_SECTION_ID, ADMIN_PERMISSION_ID) VALUES (-2,-102);
INSERT INTO BLC_ADMIN_SEC_PERM_XREF (ADMIN_SECTION_ID, ADMIN_PERMISSION_ID) VALUES (-2,-103);

-- Product Options
INSERT INTO BLC_ADMIN_SEC_PERM_XREF (ADMIN_SECTION_ID, ADMIN_PERMISSION_ID) VALUES (-3,-104);
INSERT INTO BLC_ADMIN_SEC_PERM_XREF (ADMIN_SECTION_ID, ADMIN_PERMISSION_ID) VALUES (-3,-105);

-- Offer
INSERT INTO BLC_ADMIN_SEC_PERM_XREF (ADMIN_SECTION_ID, ADMIN_PERMISSION_ID) VALUES (-4,-106);
INSERT INTO BLC_ADMIN_SEC_PERM_XREF (ADMIN_SECTION_ID, ADMIN_PERMISSION_ID) VALUES (-4,-107);

-- Pages
INSERT INTO BLC_ADMIN_SEC_PERM_XREF (ADMIN_SECTION_ID, ADMIN_PERMISSION_ID) VALUES (-5,-108);
INSERT INTO BLC_ADMIN_SEC_PERM_XREF (ADMIN_SECTION_ID, ADMIN_PERMISSION_ID) VALUES (-5,-109);

-- Assets
INSERT INTO BLC_ADMIN_SEC_PERM_XREF (ADMIN_SECTION_ID, ADMIN_PERMISSION_ID) VALUES (-6,-110);
INSERT INTO BLC_ADMIN_SEC_PERM_XREF (ADMIN_SECTION_ID, ADMIN_PERMISSION_ID) VALUES (-6,-111);

-- Structured Content
INSERT INTO BLC_ADMIN_SEC_PERM_XREF (ADMIN_SECTION_ID, ADMIN_PERMISSION_ID) VALUES (-7,-112);
INSERT INTO BLC_ADMIN_SEC_PERM_XREF (ADMIN_SECTION_ID, ADMIN_PERMISSION_ID) VALUES (-7,-113);

-- Redirect URL
INSERT INTO BLC_ADMIN_SEC_PERM_XREF (ADMIN_SECTION_ID, ADMIN_PERMISSION_ID) VALUES (-8,-114);
INSERT INTO BLC_ADMIN_SEC_PERM_XREF (ADMIN_SECTION_ID, ADMIN_PERMISSION_ID) VALUES (-8,-115);

-- Order
INSERT INTO BLC_ADMIN_SEC_PERM_XREF (ADMIN_SECTION_ID, ADMIN_PERMISSION_ID) VALUES (-9,-116);
INSERT INTO BLC_ADMIN_SEC_PERM_XREF (ADMIN_SECTION_ID, ADMIN_PERMISSION_ID) VALUES (-9,-117);

-- Customer
INSERT INTO BLC_ADMIN_SEC_PERM_XREF (ADMIN_SECTION_ID, ADMIN_PERMISSION_ID) VALUES (-10,-118);
INSERT INTO BLC_ADMIN_SEC_PERM_XREF (ADMIN_SECTION_ID, ADMIN_PERMISSION_ID) VALUES (-10,-119);

-- User Management
INSERT INTO BLC_ADMIN_SEC_PERM_XREF (ADMIN_SECTION_ID, ADMIN_PERMISSION_ID) VALUES (-11,-120);
INSERT INTO BLC_ADMIN_SEC_PERM_XREF (ADMIN_SECTION_ID, ADMIN_PERMISSION_ID) VALUES (-11,-121);

-- Role Management
INSERT INTO BLC_ADMIN_SEC_PERM_XREF (ADMIN_SECTION_ID, ADMIN_PERMISSION_ID) VALUES (-12,-140);
INSERT INTO BLC_ADMIN_SEC_PERM_XREF (ADMIN_SECTION_ID, ADMIN_PERMISSION_ID) VALUES (-12,-141);

-- Configuration Managament
INSERT INTO BLC_ADMIN_SEC_PERM_XREF (ADMIN_SECTION_ID, ADMIN_PERMISSION_ID) VALUES (-13,-126);
INSERT INTO BLC_ADMIN_SEC_PERM_XREF (ADMIN_SECTION_ID, ADMIN_PERMISSION_ID) VALUES (-13,-127);

-- Data Driven Enumerations
INSERT INTO BLC_ADMIN_SEC_PERM_XREF (ADMIN_SECTION_ID, ADMIN_PERMISSION_ID) VALUES (-14,-128);
INSERT INTO BLC_ADMIN_SEC_PERM_XREF (ADMIN_SECTION_ID, ADMIN_PERMISSION_ID) VALUES (-14,-129);

-- System Properties
INSERT INTO BLC_ADMIN_SEC_PERM_XREF (ADMIN_SECTION_ID, ADMIN_PERMISSION_ID) VALUES (-16,-122);
INSERT INTO BLC_ADMIN_SEC_PERM_XREF (ADMIN_SECTION_ID, ADMIN_PERMISSION_ID) VALUES (-16,-123);

-- Permission Management
INSERT INTO BLC_ADMIN_SEC_PERM_XREF (ADMIN_SECTION_ID, ADMIN_PERMISSION_ID) VALUES (-17,-150);
INSERT INTO BLC_ADMIN_SEC_PERM_XREF (ADMIN_SECTION_ID, ADMIN_PERMISSION_ID) VALUES (-17,-151);